<?xml version="1.0" encoding="UTF-8"?>
<project-private xmlns="http://www.netbeans.org/ns/project-private/1">
    <editor-bookmarks xmlns="http://www.netbeans.org/ns/editor-bookmarks/2" lastBookmarkId="0"/>
    <open-files xmlns="http://www.netbeans.org/ns/projectui-open-files/2">
        <group>
            <file>file:/home/mirokshi/code/mirokshi/ProjectsJava/mp06/MP06UF2Pt3/src/controller/Controlador.java</file>
            <file>file:/home/mirokshi/code/mirokshi/ProjectsJava/mp06/MP06UF2Pt3/src/mp6uf2pt3/MP6UF2Pt3RojasMirokshi.java</file>
            <file>file:/home/mirokshi/code/mirokshi/ProjectsJava/mp06/MP06UF2Pt3/src/view/vista.java</file>
            <file>file:/home/mirokshi/code/mirokshi/ProjectsJava/mp06/MP06UF2Pt3/src/model/Modelo.java</file>
            <file>file:/home/mirokshi/code/mirokshi/ProjectsJava/mp06/MP06UF2Pt3/src/model/Almacen.java</file>
        </group>
    </open-files>
</project-private>
